-- MySQL Script generated by MySQL Workbench
-- Thu Oct 10 00:58:41 2019
-- Model: New Model    Version: 1.0
-- MySQL Workbench Forward Engineering

SET @OLD_UNIQUE_CHECKS=@@UNIQUE_CHECKS, UNIQUE_CHECKS=0;
SET @OLD_FOREIGN_KEY_CHECKS=@@FOREIGN_KEY_CHECKS, FOREIGN_KEY_CHECKS=0;
SET @OLD_SQL_MODE=@@SQL_MODE, SQL_MODE='TRADITIONAL,ALLOW_INVALID_DATES';

-- -----------------------------------------------------
-- Schema anl17f
-- -----------------------------------------------------
DROP SCHEMA IF EXISTS `anl17f` ;

-- -----------------------------------------------------
-- Schema anl17f
-- -----------------------------------------------------
CREATE SCHEMA IF NOT EXISTS `anl17f` DEFAULT CHARACTER SET utf8 COLLATE utf8_general_ci ;
SHOW WARNINGS;
USE `anl17f` ;

-- -----------------------------------------------------
-- Table `anl17f`.`petstore`
-- -----------------------------------------------------
DROP TABLE IF EXISTS `anl17f`.`petstore` ;

SHOW WARNINGS;
CREATE TABLE IF NOT EXISTS `anl17f`.`petstore` (
  `pst_id` SMALLINT UNSIGNED NOT NULL AUTO_INCREMENT,
  `pst_name` VARCHAR(30) NOT NULL,
  `pst_street` VARCHAR(30) NOT NULL,
  `pst_state` CHAR(2) NOT NULL,
  `pst_city` VARCHAR(30) NOT NULL,
  `pst_zip` INT(9) UNSIGNED NOT NULL,
  `pst_phone` BIGINT UNSIGNED NOT NULL,
  `pst_email` VARCHAR(100) NOT NULL,
  `pst_url` VARCHAR(100) NOT NULL,
  `pst_ytd_sales` DECIMAL(10,2) UNSIGNED NOT NULL,
  `pst_notes` VARCHAR(255) NULL,
  PRIMARY KEY (`pst_id`))
ENGINE = InnoDB;

SHOW WARNINGS;

-- -----------------------------------------------------
-- Table `anl17f`.`customer`
-- -----------------------------------------------------
DROP TABLE IF EXISTS `anl17f`.`customer` ;

SHOW WARNINGS;
CREATE TABLE IF NOT EXISTS `anl17f`.`customer` (
  `cus_id` SMALLINT UNSIGNED NOT NULL AUTO_INCREMENT,
  `cus_fname` VARCHAR(15) NOT NULL,
  `cus_lname` VARCHAR(15) NOT NULL,
  `cus_street` VARCHAR(30) NOT NULL,
  `cus_city` VARCHAR(30) NOT NULL,
  `cus_state` CHAR(2) NOT NULL,
  `cus_zip` INT UNSIGNED NOT NULL,
  `cus_phone` BIGINT UNSIGNED NOT NULL,
  `cus_email` VARCHAR(100) NOT NULL,
  `cus_balance` DECIMAL(6,2) UNSIGNED NOT NULL,
  `cus_total_sales` DECIMAL(6,2) UNSIGNED NOT NULL,
  `cus_notes` VARCHAR(255) NULL,
  PRIMARY KEY (`cus_id`))
ENGINE = InnoDB;

SHOW WARNINGS;

-- -----------------------------------------------------
-- Table `anl17f`.`pet`
-- -----------------------------------------------------
DROP TABLE IF EXISTS `anl17f`.`pet` ;

SHOW WARNINGS;
CREATE TABLE IF NOT EXISTS `anl17f`.`pet` (
  `pet_id` SMALLINT UNSIGNED NOT NULL AUTO_INCREMENT,
  `pst_id` SMALLINT UNSIGNED NOT NULL,
  `cus_id` SMALLINT UNSIGNED NULL,
  `pet_type` VARCHAR(45) NOT NULL,
  `pet_sex` ENUM('m','f') NOT NULL,
  `pet_cost` DECIMAL(6,2) UNSIGNED NOT NULL,
  `pet_price` DECIMAL(6,2) UNSIGNED NOT NULL,
  `pet_age` TINYINT UNSIGNED NOT NULL,
  `pet_color` VARCHAR(30) NOT NULL,
  `pet_sale_date` DATE NOT NULL,
  `pet_vaccine` ENUM('y','n') NOT NULL,
  `pet_neuter` ENUM('y','n') NOT NULL,
  `pet_notes` VARCHAR(255) NULL,
  PRIMARY KEY (`pet_id`),
  INDEX `fk_pet_petstore_idx` (`pst_id` ASC),
  INDEX `fk_pet_customer1_idx` (`cus_id` ASC),
  CONSTRAINT `fk_pet_petstore`
    FOREIGN KEY (`pst_id`)
    REFERENCES `anl17f`.`petstore` (`pst_id`)
    ON DELETE NO ACTION
    ON UPDATE NO ACTION,
  CONSTRAINT `fk_pet_customer1`
    FOREIGN KEY (`cus_id`)
    REFERENCES `anl17f`.`customer` (`cus_id`)
    ON DELETE NO ACTION
    ON UPDATE NO ACTION)
ENGINE = InnoDB;

SHOW WARNINGS;

SET SQL_MODE=@OLD_SQL_MODE;
SET FOREIGN_KEY_CHECKS=@OLD_FOREIGN_KEY_CHECKS;
SET UNIQUE_CHECKS=@OLD_UNIQUE_CHECKS;

-- -----------------------------------------------------
-- Data for table `anl17f`.`petstore`
-- -----------------------------------------------------
START TRANSACTION;
USE `anl17f`;
INSERT INTO `anl17f`.`petstore` (`pst_id`, `pst_name`, `pst_street`, `pst_state`, `pst_city`, `pst_zip`, `pst_phone`, `pst_email`, `pst_url`, `pst_ytd_sales`, `pst_notes`) VALUES (1, 'PetSmart', 'Pensacola', 'FL', 'Tallahasee', 32304, 4077182019, 'petsmart.tal@gmail.com', 'petsmart.com', 1986, NULL);
INSERT INTO `anl17f`.`petstore` (`pst_id`, `pst_name`, `pst_street`, `pst_state`, `pst_city`, `pst_zip`, `pst_phone`, `pst_email`, `pst_url`, `pst_ytd_sales`, `pst_notes`) VALUES (2, 'Paws and Claws', 'Tennesse', 'AL', 'Montgomrey', 78641, 3215795494, 'pawsnclaws@gmail.com', 'pawsandclaws.com', 3897, NULL);
INSERT INTO `anl17f`.`petstore` (`pst_id`, `pst_name`, `pst_street`, `pst_state`, `pst_city`, `pst_zip`, `pst_phone`, `pst_email`, `pst_url`, `pst_ytd_sales`, `pst_notes`) VALUES (3, 'Petco', 'Monroe', 'GA', 'Atlanta', 32751, 8503253802, 'petco@aol.com', 'petco.com', 45234, NULL);
INSERT INTO `anl17f`.`petstore` (`pst_id`, `pst_name`, `pst_street`, `pst_state`, `pst_city`, `pst_zip`, `pst_phone`, `pst_email`, `pst_url`, `pst_ytd_sales`, `pst_notes`) VALUES (4, 'Doggy Heaven', 'Gaines', 'NY', 'Brooklyn', 32123, 1237650983, 'doggyheaven@dogs.com', 'doggyheaven.org', 5785, NULL);
INSERT INTO `anl17f`.`petstore` (`pst_id`, `pst_name`, `pst_street`, `pst_state`, `pst_city`, `pst_zip`, `pst_phone`, `pst_email`, `pst_url`, `pst_ytd_sales`, `pst_notes`) VALUES (5, 'Pets R Us', 'Madison', 'MA', 'Boston', 91384, 7768389123, 'petsrus@yahoo.com', 'petsrus.com', 98647, NULL);
INSERT INTO `anl17f`.`petstore` (`pst_id`, `pst_name`, `pst_street`, `pst_state`, `pst_city`, `pst_zip`, `pst_phone`, `pst_email`, `pst_url`, `pst_ytd_sales`, `pst_notes`) VALUES (6, 'The Puppy Strore', 'Jackson', 'CA', 'Hollywood', 45282, 8004808732, 'puppystore@my.puppy.com', 'puppystore.org', 42455, NULL);
INSERT INTO `anl17f`.`petstore` (`pst_id`, `pst_name`, `pst_street`, `pst_state`, `pst_city`, `pst_zip`, `pst_phone`, `pst_email`, `pst_url`, `pst_ytd_sales`, `pst_notes`) VALUES (7, 'Pet Boutique', 'Call', 'AZ', 'Pheonix', 32101, 5735282456, 'petboutike@gmail.com', 'petboutique.com', 9876, NULL);
INSERT INTO `anl17f`.`petstore` (`pst_id`, `pst_name`, `pst_street`, `pst_state`, `pst_city`, `pst_zip`, `pst_phone`, `pst_email`, `pst_url`, `pst_ytd_sales`, `pst_notes`) VALUES (8, 'Pups n Stuff', 'Callahan', 'OH', 'Cleveland', 65483, 4365832425, 'pupsnstuff@yahoo.com', 'pupsnstuff.com', 7908, NULL);
INSERT INTO `anl17f`.`petstore` (`pst_id`, `pst_name`, `pst_street`, `pst_state`, `pst_city`, `pst_zip`, `pst_phone`, `pst_email`, `pst_url`, `pst_ytd_sales`, `pst_notes`) VALUES (9, 'All the Animals', 'Basin', 'CO', 'Fort Collins', 12345, 7690123456, 'alltheanimals1@all.animals.com', 'alltheanimals.com', 12761, NULL);
INSERT INTO `anl17f`.`petstore` (`pst_id`, `pst_name`, `pst_street`, `pst_state`, `pst_city`, `pst_zip`, `pst_phone`, `pst_email`, `pst_url`, `pst_ytd_sales`, `pst_notes`) VALUES (10, 'We Love Pets', 'Capital Circle', 'HI', 'Maui', 87655, 6573891212, 'weheartpets@gmail.com', 'welovepets.org', 6523, NULL);

COMMIT;


-- -----------------------------------------------------
-- Data for table `anl17f`.`customer`
-- -----------------------------------------------------
START TRANSACTION;
USE `anl17f`;
INSERT INTO `anl17f`.`customer` (`cus_id`, `cus_fname`, `cus_lname`, `cus_street`, `cus_city`, `cus_state`, `cus_zip`, `cus_phone`, `cus_email`, `cus_balance`, `cus_total_sales`, `cus_notes`) VALUES (1, 'Lisa', 'Lee', '123 Gaines St', 'Tallahassee', 'FL', 67893, 8509409643, 'lisalee9@gmail.com', 67.13, 130.98, NULL);
INSERT INTO `anl17f`.`customer` (`cus_id`, `cus_fname`, `cus_lname`, `cus_street`, `cus_city`, `cus_state`, `cus_zip`, `cus_phone`, `cus_email`, `cus_balance`, `cus_total_sales`, `cus_notes`) VALUES (2, 'Lauren', 'Sutton', '333 Candy Ln', 'Orlando', 'FL', 32751, 4077193021, 'laursutt1201@gmail.com', 84.90, 124.43, NULL);
INSERT INTO `anl17f`.`customer` (`cus_id`, `cus_fname`, `cus_lname`, `cus_street`, `cus_city`, `cus_state`, `cus_zip`, `cus_phone`, `cus_email`, `cus_balance`, `cus_total_sales`, `cus_notes`) VALUES (3, 'Sami', 'Squires', '900 Tornado Dr', 'Cleveland', 'OH', 83468, 7767834590, 'samisquires123@gmail.com', 25.78, 90.59, NULL);
INSERT INTO `anl17f`.`customer` (`cus_id`, `cus_fname`, `cus_lname`, `cus_street`, `cus_city`, `cus_state`, `cus_zip`, `cus_phone`, `cus_email`, `cus_balance`, `cus_total_sales`, `cus_notes`) VALUES (4, 'Nicole', 'Kalo', '562 Popcorn St', 'Fort Myers', 'FL', 45225, 9002478289, 'nicolek2@gmail.com', 97.23, 185.34, NULL);
INSERT INTO `anl17f`.`customer` (`cus_id`, `cus_fname`, `cus_lname`, `cus_street`, `cus_city`, `cus_state`, `cus_zip`, `cus_phone`, `cus_email`, `cus_balance`, `cus_total_sales`, `cus_notes`) VALUES (5, 'John', 'Smith', '123 Sunnyside', 'Atlanta', 'GA', 32456, 1437895098, 'johnsmith123@gmail.com', 65.03, 100.00, NULL);
INSERT INTO `anl17f`.`customer` (`cus_id`, `cus_fname`, `cus_lname`, `cus_street`, `cus_city`, `cus_state`, `cus_zip`, `cus_phone`, `cus_email`, `cus_balance`, `cus_total_sales`, `cus_notes`) VALUES (6, 'Michael', 'Kivett', '456 Geranamo', 'Hollywood', 'CA', 36467, 3472098064, 'mkivett7@gmail.com', 45.82, 96.48, NULL);
INSERT INTO `anl17f`.`customer` (`cus_id`, `cus_fname`, `cus_lname`, `cus_street`, `cus_city`, `cus_state`, `cus_zip`, `cus_phone`, `cus_email`, `cus_balance`, `cus_total_sales`, `cus_notes`) VALUES (7, 'Hunter', 'Quinn', '609 Yucky Ln', 'Jackson', 'MI', 26567, 8417803080, 'hunter.quinn@gmail.com', 98.62, 106.92, NULL);
INSERT INTO `anl17f`.`customer` (`cus_id`, `cus_fname`, `cus_lname`, `cus_street`, `cus_city`, `cus_state`, `cus_zip`, `cus_phone`, `cus_email`, `cus_balance`, `cus_total_sales`, `cus_notes`) VALUES (8, 'Tate', 'Abbott', '1637 Palm Valley', 'Montgomery', 'AL', 10293, 6724018341, 'tateabbott@gmail.com', 89.54, 201.57, NULL);
INSERT INTO `anl17f`.`customer` (`cus_id`, `cus_fname`, `cus_lname`, `cus_street`, `cus_city`, `cus_state`, `cus_zip`, `cus_phone`, `cus_email`, `cus_balance`, `cus_total_sales`, `cus_notes`) VALUES (9, 'Easton', 'Corbin', '7468 Country Dr', 'Nashville', 'TN', 54629, 7826509413, 'eastoncorbin@gmail.com', 58.31, 89.63, NULL);
INSERT INTO `anl17f`.`customer` (`cus_id`, `cus_fname`, `cus_lname`, `cus_street`, `cus_city`, `cus_state`, `cus_zip`, `cus_phone`, `cus_email`, `cus_balance`, `cus_total_sales`, `cus_notes`) VALUES (10, 'Chandler', 'Bing', '789 East Side', 'New York City', 'NY', 12345, 9932567831, 'chandlerbing1@friends.com', 38.16, 70.34, NULL);

COMMIT;


-- -----------------------------------------------------
-- Data for table `anl17f`.`pet`
-- -----------------------------------------------------
START TRANSACTION;
USE `anl17f`;
INSERT INTO `anl17f`.`pet` (`pet_id`, `pst_id`, `cus_id`, `pet_type`, `pet_sex`, `pet_cost`, `pet_price`, `pet_age`, `pet_color`, `pet_sale_date`, `pet_vaccine`, `pet_neuter`, `pet_notes`) VALUES (1, 1, 1, 'Maltese', 'f', 560, 763, 7, 'White', '2019-09-08', 'y', 'y', NULL);
INSERT INTO `anl17f`.`pet` (`pet_id`, `pst_id`, `cus_id`, `pet_type`, `pet_sex`, `pet_cost`, `pet_price`, `pet_age`, `pet_color`, `pet_sale_date`, `pet_vaccine`, `pet_neuter`, `pet_notes`) VALUES (2, 2, 2, 'Silver Labrador', 'f', 345, 650, 3, 'Grey', '2019-09-23', 'y', 'y', NULL);
INSERT INTO `anl17f`.`pet` (`pet_id`, `pst_id`, `cus_id`, `pet_type`, `pet_sex`, `pet_cost`, `pet_price`, `pet_age`, `pet_color`, `pet_sale_date`, `pet_vaccine`, `pet_neuter`, `pet_notes`) VALUES (3, 3, 3, 'Red Point Siamese Cat', 'm', 245, 380, 12, 'White Orange', '2019-10-05', 'y', 'y', NULL);
INSERT INTO `anl17f`.`pet` (`pet_id`, `pst_id`, `cus_id`, `pet_type`, `pet_sex`, `pet_cost`, `pet_price`, `pet_age`, `pet_color`, `pet_sale_date`, `pet_vaccine`, `pet_neuter`, `pet_notes`) VALUES (4, 4, 4, 'Rose Ringed Parakeet', 'm', 879, 1790, 5, 'Red', '2019-08-16', 'n', 'y', NULL);
INSERT INTO `anl17f`.`pet` (`pet_id`, `pst_id`, `cus_id`, `pet_type`, `pet_sex`, `pet_cost`, `pet_price`, `pet_age`, `pet_color`, `pet_sale_date`, `pet_vaccine`, `pet_neuter`, `pet_notes`) VALUES (5, 5, 5, 'Hamster', 'f', 12, 27, 3, 'Brown', '2019-10-07', 'n', 'n', NULL);
INSERT INTO `anl17f`.`pet` (`pet_id`, `pst_id`, `cus_id`, `pet_type`, `pet_sex`, `pet_cost`, `pet_price`, `pet_age`, `pet_color`, `pet_sale_date`, `pet_vaccine`, `pet_neuter`, `pet_notes`) VALUES (6, 6, 6, 'Beta Fish', 'm', 5, 15, 1, 'Blue', '2019-08-30', 'n', 'n', NULL);
INSERT INTO `anl17f`.`pet` (`pet_id`, `pst_id`, `cus_id`, `pet_type`, `pet_sex`, `pet_cost`, `pet_price`, `pet_age`, `pet_color`, `pet_sale_date`, `pet_vaccine`, `pet_neuter`, `pet_notes`) VALUES (7, 7, 7, 'Persian Cat', 'f', 456, 675, 8, 'Black', '2019-09-26', 'y', 'y', NULL);
INSERT INTO `anl17f`.`pet` (`pet_id`, `pst_id`, `cus_id`, `pet_type`, `pet_sex`, `pet_cost`, `pet_price`, `pet_age`, `pet_color`, `pet_sale_date`, `pet_vaccine`, `pet_neuter`, `pet_notes`) VALUES (8, 8, 8, 'African Grey Parrot', 'm', 387, 550, 13, 'Grey', '2019-10-03', 'n', 'n', NULL);
INSERT INTO `anl17f`.`pet` (`pet_id`, `pst_id`, `cus_id`, `pet_type`, `pet_sex`, `pet_cost`, `pet_price`, `pet_age`, `pet_color`, `pet_sale_date`, `pet_vaccine`, `pet_neuter`, `pet_notes`) VALUES (9, 9, 9, 'Dachsund', 'm', 562, 740, 10, 'Blonde', '2019-10-08', 'y', 'y', NULL);
INSERT INTO `anl17f`.`pet` (`pet_id`, `pst_id`, `cus_id`, `pet_type`, `pet_sex`, `pet_cost`, `pet_price`, `pet_age`, `pet_color`, `pet_sale_date`, `pet_vaccine`, `pet_neuter`, `pet_notes`) VALUES (10, 10, 10, 'Gerbal', 'm', 21, 50, 2, 'Brown', '2019-08-19', 'n', 'n', NULL);

COMMIT;

